slug,titulo,tipo,parent_slug,menu_order,url,campos_no_vacios,archivo
inicio,Inicio,campos_acf,,0,https://gastab.com.ar/inicio/,187,paginas-campos/inicio.json
contacto,Contacto,campos_acf,,0,https://gastab.com.ar/contacto/,17,paginas-campos/contacto.json
quienes-somos,Quiénes somos,campos_acf,,0,https://gastab.com.ar/quienes-somos/,109,paginas-campos/quienes-somos.json
combustible,Combustible,campos_acf,,0,https://gastab.com.ar/combustible/,127,paginas-campos/combustible.json
grupos-electrogenos,Grupos electrógenos,campos_acf,,0,https://gastab.com.ar/grupos-electrogenos/,84,paginas-campos/grupos-electrogenos.json
lubricantes,Lubricantes,campos_acf,,0,https://gastab.com.ar/lubricantes/,15,paginas-campos/lubricantes.json
urea-32,Urea 32,campos_acf,,0,https://gastab.com.ar/urea-32/,13,paginas-campos/urea-32.json
gracias,Gracias,campos_acf,,0,https://gastab.com.ar/gracias/,4,paginas-campos/gracias.json
gasoil-a-granel,Gasoil a granel,classic_html,,0,https://gastab.com.ar/gasoil-a-granel/,0,paginas/gasoil-a-granel.html
mantenimiento-grupos-electrogenos,Mantenimiento de Grupos Electrógenos,classic_html,,0,https://gastab.com.ar/mantenimiento-grupos-electrogenos/,0,paginas/mantenimiento-grupos-electrogenos.html
proveedor-de-combustible,Proveedor de combustible,classic_html,,0,https://gastab.com.ar/proveedor-de-combustible/,0,paginas/proveedor-de-combustible.html
gasoil-para-obra,Gasoil para obra,classic_html,,0,https://gastab.com.ar/gasoil-para-obra/,0,paginas/gasoil-para-obra.html
recarga-de-combustible,Recarga de combustible,classic_html,,0,https://gastab.com.ar/recarga-de-combustible/,0,paginas/recarga-de-combustible.html
diesel-500,Diesel 500,classic_html,,0,https://gastab.com.ar/diesel-500/,0,paginas/diesel-500.html
euro-diesel,Euro Diesel,classic_html,,0,https://gastab.com.ar/euro-diesel/,0,paginas/euro-diesel.html
limpieza-de-tanques,Limpieza de tanques,classic_html,,0,https://gastab.com.ar/limpieza-de-tanques/,0,paginas/limpieza-de-tanques.html
transporte-de-combustible,Transporte de combustible,classic_html,,0,https://gastab.com.ar/transporte-de-combustible/,0,paginas/transporte-de-combustible.html
recarga-de-grupos-electrogenos,Recarga de grupos electrógenos,classic_html,,0,https://gastab.com.ar/recarga-de-grupos-electrogenos/,0,paginas/recarga-de-grupos-electrogenos.html
abastecimiento-de-emergencia-24hs,Abastecimiento de emergencia 24hs,classic_html,,0,https://gastab.com.ar/abastecimiento-de-emergencia-24hs/,0,paginas/abastecimiento-de-emergencia-24hs.html
recarga-flota-a-domicilio,Recarga flota a domicilio,classic_html,,0,https://gastab.com.ar/recarga-flota-a-domicilio/,0,paginas/recarga-flota-a-domicilio.html
recarga-nautica,Recarga náutica,classic_html,,0,https://gastab.com.ar/recarga-nautica/,0,paginas/recarga-nautica.html
recarga-en-obra-in-situ,Recarga en obra in situ,classic_html,,0,https://gastab.com.ar/recarga-en-obra-in-situ/,0,paginas/recarga-en-obra-in-situ.html
alquiler-y-venta-de-grupos-electrogenos,Alquiler y venta de grupos electrógenos,classic_html,,0,https://gastab.com.ar/alquiler-y-venta-de-grupos-electrogenos/,0,paginas/alquiler-y-venta-de-grupos-electrogenos.html
reparacion-de-grupos-electrogenos,Reparación de grupos electrógenos,classic_html,,0,https://gastab.com.ar/reparacion-de-grupos-electrogenos/,0,paginas/reparacion-de-grupos-electrogenos.html
alquiler-grupo-electrogeno-24-horas,Alquiler grupo electrógeno 24 horas,classic_html,,0,https://gastab.com.ar/alquiler-grupo-electrogeno-24-horas/,0,paginas/alquiler-grupo-electrogeno-24-horas.html
calculo-de-grupo-electrogeno,Cálculo de grupo electrógeno,classic_html,,0,https://gastab.com.ar/calculo-de-grupo-electrogeno/,0,paginas/calculo-de-grupo-electrogeno.html
mantenimiento-de-combustible,Mantenimiento de combustible,classic_html,,0,https://gastab.com.ar/mantenimiento-de-combustible/,0,paginas/mantenimiento-de-combustible.html
abastecimiento-de-combustible-para-empresas,Abastecimiento de combustible para empresas,classic_html,,0,https://gastab.com.ar/abastecimiento-de-combustible-para-empresas/,0,paginas/abastecimiento-de-combustible-para-empresas.html
recursos,Recursos,vacia,,0,https://gastab.com.ar/recursos/,0,(vacia)
politica-de-privacidad,Política de privacidad,vacia,,0,https://gastab.com.ar/politica-de-privacidad/,0,(vacia)
terminos-del-servicio,Términos del servicio,vacia,,0,https://gastab.com.ar/terminos-del-servicio/,0,(vacia)
campana-zarate,Combustible para agro e industria en Campana y Zárate,classic_html,combustible,0,https://gastab.com.ar/combustible/campana-zarate/,0,paginas/combustible/campana-zarate.html
campana-zarate,Mantenimiento de grupos electrógenos en Campana y Zárate,classic_html,grupos-electrogenos,0,https://gastab.com.ar/grupos-electrogenos/campana-zarate/,0,paginas/grupos-electrogenos/campana-zarate.html
rosario-san-lorenzo,Combustible para agro e industria en Rosario y San Lorenzo,classic_html,combustible,0,https://gastab.com.ar/combustible/rosario-san-lorenzo/,0,paginas/combustible/rosario-san-lorenzo.html
rosario-san-lorenzo,Mantenimiento de grupos electrógenos en Rosario y San Lorenzo,classic_html,grupos-electrogenos,0,https://gastab.com.ar/grupos-electrogenos/rosario-san-lorenzo/,0,paginas/grupos-electrogenos/rosario-san-lorenzo.html
san-nicolas-ramallo,Combustible para agro e industria en San Nicolás y Ramallo,classic_html,combustible,0,https://gastab.com.ar/combustible/san-nicolas-ramallo/,0,paginas/combustible/san-nicolas-ramallo.html
san-nicolas-ramallo,Mantenimiento de grupos electrógenos en San Nicolás y Ramallo,classic_html,grupos-electrogenos,0,https://gastab.com.ar/grupos-electrogenos/san-nicolas-ramallo/,0,paginas/grupos-electrogenos/san-nicolas-ramallo.html
pergamino,Combustible para agro e industria en Pergamino,classic_html,combustible,0,https://gastab.com.ar/combustible/pergamino/,0,paginas/combustible/pergamino.html
pergamino,Mantenimiento de grupos electrógenos en Pergamino,classic_html,grupos-electrogenos,0,https://gastab.com.ar/grupos-electrogenos/pergamino/,0,paginas/grupos-electrogenos/pergamino.html
junin,Combustible para agro e industria en Junín,classic_html,combustible,0,https://gastab.com.ar/combustible/junin/,0,paginas/combustible/junin.html
junin,Mantenimiento de grupos electrógenos en Junín,classic_html,grupos-electrogenos,0,https://gastab.com.ar/grupos-electrogenos/junin/,0,paginas/grupos-electrogenos/junin.html
chivilcoy-bragado,Combustible para agro e industria en Chivilcoy y Bragado,classic_html,combustible,0,https://gastab.com.ar/combustible/chivilcoy-bragado/,0,paginas/combustible/chivilcoy-bragado.html
chivilcoy-bragado,Mantenimiento de grupos electrógenos en Chivilcoy y Bragado,classic_html,grupos-electrogenos,0,https://gastab.com.ar/grupos-electrogenos/chivilcoy-bragado/,0,paginas/grupos-electrogenos/chivilcoy-bragado.html
9-de-julio,Combustible para agro e industria en 9 de Julio,classic_html,combustible,0,https://gastab.com.ar/combustible/9-de-julio/,0,paginas/combustible/9-de-julio.html
9-de-julio,Mantenimiento de grupos electrógenos en 9 de Julio,classic_html,grupos-electrogenos,0,https://gastab.com.ar/grupos-electrogenos/9-de-julio/,0,paginas/grupos-electrogenos/9-de-julio.html
rafaela,Combustible para agro e industria en Rafaela,classic_html,combustible,0,https://gastab.com.ar/combustible/rafaela/,0,paginas/combustible/rafaela.html
rafaela,Mantenimiento de grupos electrógenos en Rafaela,classic_html,grupos-electrogenos,0,https://gastab.com.ar/grupos-electrogenos/rafaela/,0,paginas/grupos-electrogenos/rafaela.html
santa-fe-sauce-viejo,Combustible para agro e industria en Santa Fe y Sauce Viejo,classic_html,combustible,0,https://gastab.com.ar/combustible/santa-fe-sauce-viejo/,0,paginas/combustible/santa-fe-sauce-viejo.html
santa-fe-sauce-viejo,Mantenimiento de grupos electrógenos en Santa Fe y Sauce Viejo,classic_html,grupos-electrogenos,0,https://gastab.com.ar/grupos-electrogenos/santa-fe-sauce-viejo/,0,paginas/grupos-electrogenos/santa-fe-sauce-viejo.html
la-plata-berisso-ensenada,"Combustible para agro e industria en La Plata, Berisso y Ensenada",classic_html,combustible,0,https://gastab.com.ar/combustible/la-plata-berisso-ensenada/,0,paginas/combustible/la-plata-berisso-ensenada.html
la-plata-berisso-ensenada,"Mantenimiento de grupos electrógenos en La Plata, Berisso y Ensenada",classic_html,grupos-electrogenos,0,https://gastab.com.ar/grupos-electrogenos/la-plata-berisso-ensenada/,0,paginas/grupos-electrogenos/la-plata-berisso-ensenada.html
zonas-de-cobertura,Cobertura de combustible por zona,classic_html,combustible,0,https://gastab.com.ar/combustible/zonas-de-cobertura/,0,paginas/combustible/zonas-de-cobertura.html
zonas-de-cobertura,Cobertura de grupos electrógenos por zona,classic_html,grupos-electrogenos,0,https://gastab.com.ar/grupos-electrogenos/zonas-de-cobertura/,0,paginas/grupos-electrogenos/zonas-de-cobertura.html
